日付,年,月,商品名,単価,販売個数,売上
2024-01-01,2024,1,冷感タオル,1980,0,0
2024-02-01,2024,2,冷感タオル,1980,0,0
2024-03-01,2024,3,冷感タオル,1980,0,0
2024-04-01,2024,4,冷感タオル,1980,0,0
2024-05-01,2024,5,冷感タオル,1980,13,25740
2024-06-01,2024,6,冷感タオル,1980,52,102960
2024-07-01,2024,7,冷感タオル,1980,64,126720
2024-08-01,2024,8,冷感タオル,1980,93,184140
2024-09-01,2024,9,冷感タオル,1980,27,53460
2024-10-01,2024,10,冷感タオル,1980,0,0
2024-11-01,2024,11,冷感タオル,1980,0,0
2024-12-01,2024,12,冷感タオル,1980,0,0
2025-01-01,2025,1,冷感タオル,1980,0,0
2025-02-01,2025,2,冷感タオル,1980,0,0
2025-03-01,2025,3,冷感タオル,1980,0,0
2025-04-01,2025,4,冷感タオル,1980,0,0
2025-05-01,2025,5,冷感タオル,1980,14,27720
2025-06-01,2025,6,冷感タオル,1980,90,178200
2025-07-01,2025,7,冷感タオル,1980,158,312840
2025-08-01,2025,8,冷感タオル,1980,173,342540
2025-09-01,2025,9,冷感タオル,1980,30,59400
2025-10-01,2025,10,冷感タオル,1980,0,0
2025-11-01,2025,11,冷感タオル,1980,0,0
2025-12-01,2025,12,冷感タオル,1980,0,0
2026-01-01,2026,1,冷感タオル,1980,0,0
2026-02-01,2026,2,冷感タオル,1980,0,0
2026-03-01,2026,3,冷感タオル,1980,0,0
2026-04-01,2026,4,冷感タオル,1980,0,0
2026-05-01,2026,5,冷感タオル,1980,22,43560
2026-06-01,2026,6,冷感タオル,1980,74,146520
2026-07-01,2026,7,冷感タオル,1980,149,295020
2026-08-01,2026,8,冷感タオル,1980,87,172260
2026-09-01,2026,9,冷感タオル,1980,47,93060
2024-01-01,2024,1,折りたたみ日傘,2980,0,0
2024-02-01,2024,2,折りたたみ日傘,2980,0,0
2024-03-01,2024,3,折りたたみ日傘,2980,15,44700
2024-04-01,2024,4,折りたたみ日傘,2980,63,187740
2024-05-01,2024,5,折りたたみ日傘,2980,76,226480
2024-06-01,2024,6,折りたたみ日傘,2980,64,190720
2024-07-01,2024,7,折りたたみ日傘,2980,32,95360
2024-08-01,2024,8,折りたたみ日傘,2980,12,35760
2024-09-01,2024,9,折りたたみ日傘,2980,18,53640
2024-10-01,2024,10,折りたたみ日傘,2980,0,0
2024-11-01,2024,11,折りたたみ日傘,2980,0,0
2024-12-01,2024,12,折りたたみ日傘,2980,0,0
2025-01-01,2025,1,折りたたみ日傘,2980,0,0
2025-02-01,2025,2,折りたたみ日傘,2980,0,0
2025-03-01,2025,3,折りたたみ日傘,2980,15,44700
2025-04-01,2025,4,折りたたみ日傘,2980,62,184760
2025-05-01,2025,5,折りたたみ日傘,2980,98,292040
2025-06-01,2025,6,折りたたみ日傘,2980,84,250320
2025-07-01,2025,7,折りたたみ日傘,2980,53,157940
2025-08-01,2025,8,折りたたみ日傘,2980,15,44700
2025-09-01,2025,9,折りたたみ日傘,2980,18,53640
2025-10-01,2025,10,折りたたみ日傘,2980,0,0
2025-11-01,2025,11,折りたたみ日傘,2980,0,0
2025-12-01,2025,12,折りたたみ日傘,2980,0,0
2026-01-01,2026,1,折りたたみ日傘,2980,0,0
2026-02-01,2026,2,折りたたみ日傘,2980,0,0
2026-03-01,2026,3,折りたたみ日傘,2980,22,65560
2026-04-01,2026,4,折りたたみ日傘,2980,71,211580
2026-05-01,2026,5,折りたたみ日傘,2980,80,238400
2026-06-01,2026,6,折りたたみ日傘,2980,97,289060
2026-07-01,2026,7,折りたたみ日傘,2980,36,107280
2026-08-01,2026,8,折りたたみ日傘,2980,17,50660
2026-09-01,2026,9,折りたたみ日傘,2980,19,56620
2024-01-01,2024,1,ステンレスタンブラー,2480,27,66960
2024-02-01,2024,2,ステンレスタンブラー,2480,25,62000
2024-03-01,2024,3,ステンレスタンブラー,2480,55,136400
2024-04-01,2024,4,ステンレスタンブラー,2480,75,186000
2024-05-01,2024,5,ステンレスタンブラー,2480,117,290160
2024-06-01,2024,6,ステンレスタンブラー,2480,115,285200
2024-07-01,2024,7,ステンレスタンブラー,2480,130,322400
2024-08-01,2024,8,ステンレスタンブラー,2480,99,245520
2024-09-01,2024,9,ステンレスタンブラー,2480,86,213280
2024-10-01,2024,10,ステンレスタンブラー,2480,52,128960
2024-11-01,2024,11,ステンレスタンブラー,2480,49,121520
2024-12-01,2024,12,ステンレスタンブラー,2480,26,64480
2025-01-01,2025,1,ステンレスタンブラー,2480,26,64480
2025-02-01,2025,2,ステンレスタンブラー,2480,38,94240
2025-03-01,2025,3,ステンレスタンブラー,2480,59,146320
2025-04-01,2025,4,ステンレスタンブラー,2480,76,188480
2025-05-01,2025,5,ステンレスタンブラー,2480,89,220720
2025-06-01,2025,6,ステンレスタンブラー,2480,124,307520
2025-07-01,2025,7,ステンレスタンブラー,2480,157,389360
2025-08-01,2025,8,ステンレスタンブラー,2480,132,327360
2025-09-01,2025,9,ステンレスタンブラー,2480,96,238080
2025-10-01,2025,10,ステンレスタンブラー,2480,46,114080
2025-11-01,2025,11,ステンレスタンブラー,2480,62,153760
2025-12-01,2025,12,ステンレスタンブラー,2480,30,74400
2026-01-01,2026,1,ステンレスタンブラー,2480,35,86800
2026-02-01,2026,2,ステンレスタンブラー,2480,32,79360
2026-03-01,2026,3,ステンレスタンブラー,2480,69,171120
2026-04-01,2026,4,ステンレスタンブラー,2480,89,220720
2026-05-01,2026,5,ステンレスタンブラー,2480,135,334800
2026-06-01,2026,6,ステンレスタンブラー,2480,181,448880
2026-07-01,2026,7,ステンレスタンブラー,2480,145,359600
2026-08-01,2026,8,ステンレスタンブラー,2480,146,362080
2026-09-01,2026,9,ステンレスタンブラー,2480,86,213280
2024-01-01,2024,1,ハンドクリーム,1200,57,68400
2024-02-01,2024,2,ハンドクリーム,1200,68,81600
2024-03-01,2024,3,ハンドクリーム,1200,35,42000
2024-04-01,2024,4,ハンドクリーム,1200,21,25200
2024-05-01,2024,5,ハンドクリーム,1200,13,15600
2024-06-01,2024,6,ハンドクリーム,1200,0,0
2024-07-01,2024,7,ハンドクリーム,1200,0,0
2024-08-01,2024,8,ハンドクリーム,1200,0,0
2024-09-01,2024,9,ハンドクリーム,1200,13,15600
2024-10-01,2024,10,ハンドクリーム,1200,45,54000
2024-11-01,2024,11,ハンドクリーム,1200,67,80400
2024-12-01,2024,12,ハンドクリーム,1200,71,85200
2025-01-01,2025,1,ハンドクリーム,1200,70,84000
2025-02-01,2025,2,ハンドクリーム,1200,71,85200
2025-03-01,2025,3,ハンドクリーム,1200,40,48000
2025-04-01,2025,4,ハンドクリーム,1200,26,31200
2025-05-01,2025,5,ハンドクリーム,1200,11,13200
2025-06-01,2025,6,ハンドクリーム,1200,0,0
2025-07-01,2025,7,ハンドクリーム,1200,0,0
2025-08-01,2025,8,ハンドクリーム,1200,0,0
2025-09-01,2025,9,ハンドクリーム,1200,21,25200
2025-10-01,2025,10,ハンドクリーム,1200,37,44400
2025-11-01,2025,11,ハンドクリーム,1200,98,117600
2025-12-01,2025,12,ハンドクリーム,1200,109,130800
2026-01-01,2026,1,ハンドクリーム,1200,98,117600
2026-02-01,2026,2,ハンドクリーム,1200,59,70800
2026-03-01,2026,3,ハンドクリーム,1200,68,81600
2026-04-01,2026,4,ハンドクリーム,1200,37,44400
2026-05-01,2026,5,ハンドクリーム,1200,21,25200
2026-06-01,2026,6,ハンドクリーム,1200,0,0
2026-07-01,2026,7,ハンドクリーム,1200,0,0
2026-08-01,2026,8,ハンドクリーム,1200,0,0
2026-09-01,2026,9,ハンドクリーム,1200,21,25200
2024-01-01,2024,1,あったかブランケット,4200,103,432600
2024-02-01,2024,2,あったかブランケット,4200,76,319200
2024-03-01,2024,3,あったかブランケット,4200,38,159600
2024-04-01,2024,4,あったかブランケット,4200,17,71400
2024-05-01,2024,5,あったかブランケット,4200,0,0
2024-06-01,2024,6,あったかブランケット,4200,0,0
2024-07-01,2024,7,あったかブランケット,4200,0,0
2024-08-01,2024,8,あったかブランケット,4200,0,0
2024-09-01,2024,9,あったかブランケット,4200,0,0
2024-10-01,2024,10,あったかブランケット,4200,26,109200
2024-11-01,2024,11,あったかブランケット,4200,85,357000
2024-12-01,2024,12,あったかブランケット,4200,91,382200
2025-01-01,2025,1,あったかブランケット,4200,78,327600
2025-02-01,2025,2,あったかブランケット,4200,71,298200
2025-03-01,2025,3,あったかブランケット,4200,49,205800
2025-04-01,2025,4,あったかブランケット,4200,13,54600
2025-05-01,2025,5,あったかブランケット,4200,0,0
2025-06-01,2025,6,あったかブランケット,4200,0,0
2025-07-01,2025,7,あったかブランケット,4200,0,0
2025-08-01,2025,8,あったかブランケット,4200,0,0
2025-09-01,2025,9,あったかブランケット,4200,0,0
2025-10-01,2025,10,あったかブランケット,4200,29,121800
2025-11-01,2025,11,あったかブランケット,4200,81,340200
2025-12-01,2025,12,あったかブランケット,4200,117,491400
2026-01-01,2026,1,あったかブランケット,4200,96,403200
2026-02-01,2026,2,あったかブランケット,4200,83,348600
2026-03-01,2026,3,あったかブランケット,4200,39,163800
2026-04-01,2026,4,あったかブランケット,4200,14,58800
2026-05-01,2026,5,あったかブランケット,4200,0,0
2026-06-01,2026,6,あったかブランケット,4200,0,0
2026-07-01,2026,7,あったかブランケット,4200,0,0
2026-08-01,2026,8,あったかブランケット,4200,0,0
2026-09-01,2026,9,あったかブランケット,4200,0,0
2024-01-01,2024,1,母の日ギフトセット,4800,0,0
2024-02-01,2024,2,母の日ギフトセット,4800,0,0
2024-03-01,2024,3,母の日ギフトセット,4800,15,72000
2024-04-01,2024,4,母の日ギフトセット,4800,103,494400
2024-05-01,2024,5,母の日ギフトセット,4800,117,561600
2024-06-01,2024,6,母の日ギフトセット,4800,23,110400
2024-07-01,2024,7,母の日ギフトセット,4800,0,0
2024-08-01,2024,8,母の日ギフトセット,4800,0,0
2024-09-01,2024,9,母の日ギフトセット,4800,0,0
2024-10-01,2024,10,母の日ギフトセット,4800,0,0
2024-11-01,2024,11,母の日ギフトセット,4800,0,0
2024-12-01,2024,12,母の日ギフトセット,4800,0,0
2025-01-01,2025,1,母の日ギフトセット,4800,0,0
2025-02-01,2025,2,母の日ギフトセット,4800,0,0
2025-03-01,2025,3,母の日ギフトセット,4800,15,72000
2025-04-01,2025,4,母の日ギフトセット,4800,83,398400
2025-05-01,2025,5,母の日ギフトセット,4800,128,614400
2025-06-01,2025,6,母の日ギフトセット,4800,29,139200
2025-07-01,2025,7,母の日ギフトセット,4800,0,0
2025-08-01,2025,8,母の日ギフトセット,4800,0,0
2025-09-01,2025,9,母の日ギフトセット,4800,0,0
2025-10-01,2025,10,母の日ギフトセット,4800,0,0
2025-11-01,2025,11,母の日ギフトセット,4800,0,0
2025-12-01,2025,12,母の日ギフトセット,4800,0,0
2026-01-01,2026,1,母の日ギフトセット,4800,0,0
2026-02-01,2026,2,母の日ギフトセット,4800,0,0
2026-03-01,2026,3,母の日ギフトセット,4800,18,86400
2026-04-01,2026,4,母の日ギフトセット,4800,135,648000
2026-05-01,2026,5,母の日ギフトセット,4800,118,566400
2026-06-01,2026,6,母の日ギフトセット,4800,36,172800
2026-07-01,2026,7,母の日ギフトセット,4800,0,0
2026-08-01,2026,8,母の日ギフトセット,4800,0,0
2026-09-01,2026,9,母の日ギフトセット,4800,0,0
2024-01-01,2024,1,お歳暮セット,3900,0,0
2024-02-01,2024,2,お歳暮セット,3900,0,0
2024-03-01,2024,3,お歳暮セット,3900,0,0
2024-04-01,2024,4,お歳暮セット,3900,0,0
2024-05-01,2024,5,お歳暮セット,3900,0,0
2024-06-01,2024,6,お歳暮セット,3900,0,0
2024-07-01,2024,7,お歳暮セット,3900,0,0
2024-08-01,2024,8,お歳暮セット,3900,0,0
2024-09-01,2024,9,お歳暮セット,3900,0,0
2024-10-01,2024,10,お歳暮セット,3900,30,117000
2024-11-01,2024,11,お歳暮セット,3900,73,284700
2024-12-01,2024,12,お歳暮セット,3900,109,425100
2025-01-01,2025,1,お歳暮セット,3900,0,0
2025-02-01,2025,2,お歳暮セット,3900,0,0
2025-03-01,2025,3,お歳暮セット,3900,0,0
2025-04-01,2025,4,お歳暮セット,3900,0,0
2025-05-01,2025,5,お歳暮セット,3900,0,0
2025-06-01,2025,6,お歳暮セット,3900,0,0
2025-07-01,2025,7,お歳暮セット,3900,0,0
2025-08-01,2025,8,お歳暮セット,3900,0,0
2025-09-01,2025,9,お歳暮セット,3900,0,0
2025-10-01,2025,10,お歳暮セット,3900,34,132600
2025-11-01,2025,11,お歳暮セット,3900,80,312000
2025-12-01,2025,12,お歳暮セット,3900,173,674700
2026-01-01,2026,1,お歳暮セット,3900,0,0
2026-02-01,2026,2,お歳暮セット,3900,0,0
2026-03-01,2026,3,お歳暮セット,3900,0,0
2026-04-01,2026,4,お歳暮セット,3900,0,0
2026-05-01,2026,5,お歳暮セット,3900,0,0
2026-06-01,2026,6,お歳暮セット,3900,0,0
2026-07-01,2026,7,お歳暮セット,3900,0,0
2026-08-01,2026,8,お歳暮セット,3900,0,0
2026-09-01,2026,9,お歳暮セット,3900,0,0
2024-01-01,2024,1,収納ボックス,1600,107,171200
2024-02-01,2024,2,収納ボックス,1600,78,124800
2024-03-01,2024,3,収納ボックス,1600,102,163200
2024-04-01,2024,4,収納ボックス,1600,58,92800
2024-05-01,2024,5,収納ボックス,1600,39,62400
2024-06-01,2024,6,収納ボックス,1600,47,75200
2024-07-01,2024,7,収納ボックス,1600,63,100800
2024-08-01,2024,8,収納ボックス,1600,50,80000
2024-09-01,2024,9,収納ボックス,1600,81,129600
2024-10-01,2024,10,収納ボックス,1600,79,126400
2024-11-01,2024,11,収納ボックス,1600,93,148800
2024-12-01,2024,12,収納ボックス,1600,129,206400
2025-01-01,2025,1,収納ボックス,1600,173,276800
2025-02-01,2025,2,収納ボックス,1600,58,92800
2025-03-01,2025,3,収納ボックス,1600,132,211200
2025-04-01,2025,4,収納ボックス,1600,39,62400
2025-05-01,2025,5,収納ボックス,1600,55,88000
2025-06-01,2025,6,収納ボックス,1600,56,89600
2025-07-01,2025,7,収納ボックス,1600,65,104000
2025-08-01,2025,8,収納ボックス,1600,67,107200
2025-09-01,2025,9,収納ボックス,1600,115,184000
2025-10-01,2025,10,収納ボックス,1600,96,153600
2025-11-01,2025,11,収納ボックス,1600,149,238400
2025-12-01,2025,12,収納ボックス,1600,120,192000
2026-01-01,2026,1,収納ボックス,1600,133,212800
2026-02-01,2026,2,収納ボックス,1600,176,281600
2026-03-01,2026,3,収納ボックス,1600,173,276800
2026-04-01,2026,4,収納ボックス,1600,77,123200
2026-05-01,2026,5,収納ボックス,1600,65,104000
2026-06-01,2026,6,収納ボックス,1600,68,108800
2026-07-01,2026,7,収納ボックス,1600,82,131200
2026-08-01,2026,8,収納ボックス,1600,62,99200
2026-09-01,2026,9,収納ボックス,1600,78,124800
